understandings,94800000
understanding,94800000
understandin,94800000
understandi,94800000
understands,4570000000
understand,4664800000
understan,4664800000
understa,4664800000
underst,4664800000
unders,4664800000
under,4664800000
unde,4664800000
und,4664800000
un,4664800000
usually,5520000000
usuall,5520000000
usual,5520000000
usua,5520000000
usu,5520000000
us,5520000000
u,10184800000
conversations,3220000000
conversation,3220000000
conversatio,3220000000
conversati,3220000000
conversat,3220000000
conversa,3220000000
convers,3220000000
conver,3220000000
conve,3220000000
conv,3220000000
controllers,970000000
controller,970000000
controlled,1800000000
controlle,2770000000
controlling,1100000000
controllin,1100000000
controlli,1100000000
controll,3870000000
controls,5930000000
control,9800000000
contro,9800000000
contr,9800000000
continuing,1660000000
continuin,1660000000
continui,1660000000
continu,1660000000
contin,1660000000
conti,1660000000
cont,11460000000
considering,4380000000
considerin,4380000000
consideri,4380000000
considered,5910000000
considere,5910000000
consider,10290000000
conside,10290000000
consid,10290000000
consi,10290000000
cons,10290000000
confused,1320000000
confuses,172000000
confuse,1492000000
confus,1492000000
confu,1492000000
conf,1492000000
con,26462000000
companying,928000
companyin,928000
companyi,928000
company,928000
compan,928000
compa,928000
completely,3410000000
completel,3410000000
complete,3410000000
complet,3410000000
comple,3410000000
compl,3410000000
comp,3410928000
comings,11600000
coming,11600000
comin,11600000
comi,11600000
com,3422528000
countering,396000000
counterin,396000000
counteri,396000000
counters,1510000000
counter,1906000000
counted,4530000000
counte,6436000000
counting,3100000000
countin,3100000000
counti,3100000000
country,7660000000
countr,7660000000
count,17196000000
coun,17196000000
coursing,10500000
coursin,10500000
coursi,10500000
cours,10500000
cour,10500000
couldn-t,809000000
couldn-,809000000
couldn,809000000
could,809000000
coul,809000000
couples,3770000000
couple,3770000000
coupl,3770000000
coup,3770000000
cou,21785500000
coatings,328000000
coating,328000000
coatin,328000000
coati,328000000
coat,328000000
coa,328000000
colleges,3080000000
college,3080000000
colleg,3080000000
colle,3080000000
coll,3080000000
colorful,3030000000
colorfu,3030000000
colorf,3030000000
colorers,75800
colorer,75800
colored,10120000000
colore,10120075800
color,13150075800
colo,13150075800
coldest,238000000
coldes,238000000
colde,238000000
cold,238000000
col,16468075800
coolings,323000
cooling,323000
coolin,323000
cooli,323000
coolers,388000000
cooler,388000000
coolest,358000000
cooles,358000000
coole,746000000
cool,746323000
coo,746323000
cornered,60300000
cornere,60300000
corners,1900000000
corner,1960300000
corne,1960300000
corn,1960300000
cor,1960300000
coffees,1820000000
coffee,1820000000
coffe,1820000000
coff,1820000000
cof,1820000000
copping,10800000
coppin,10800000
coppi,10800000
copp,10800000
cop,10800000
co,73003526800
cigarettes,242000000
cigarette,242000000
cigarett,242000000
cigaret,242000000
cigare,242000000
cigar,242000000
ciga,242000000
cig,242000000
circling,81600000
circlin,81600000
circli,81600000
circles,10430000000
circled,55100000
circle,10485100000
circl,10566700000
circ,10566700000
cir,10566700000
ci,10808700000
carefully,1460000000
carefull,1460000000
careful,1460000000
carefu,1460000000
caref,1460000000
care,1460000000
carrying,5230000000
carryin,5230000000
carryi,5230000000
carry,5230000000
carriers,1100000000
carrier,1100000000
carries,519000000
carried,5380000000
carrie,6999000000
carri,6999000000
carr,12229000000
car,13689000000
catchings,398000000
catching,398000000
catchin,398000000
catchi,398000000
catchers,163000000
catcher,163000000
catches,1360000000
catche,1523000000
catch,1921000000
catc,1921000000
catting,3210000
cattin,3210000
catti,3210000
catt,3210000
cat,1924210000
callings,7180000
calling,7180000
callin,7180000
calli,7180000
call,7180000
cal,7180000
casings,227000000
casing,227000000
casin,227000000
casi,227000000
cas,227000000
causing,4780000000
causin,4780000000
causi,4780000000
causers,1150000
causer,1150000
cause,1150000
caus,4781150000
cau,4781150000
ca,20628540000
centering,80600000
centerin,80600000
centeri,80600000
centered,923000000
centere,923000000
centers,7550000000
center,8553600000
cente,8553600000
cent,8553600000
cen,8553600000
certainly,665000000
certainl,665000000
certain,665000000
certai,665000000
certa,665000000
cert,665000000
cer,665000000
ceilings,765000000
ceiling,765000000
ceilin,765000000
ceili,765000000
ceil,765000000
cei,765000000
ce,9983600000
cleanings,20900000
cleaning,20900000
cleanin,20900000
cleani,20900000
cleanest,77200000
cleanes,77200000
cleaners,582000000
cleaner,582000000
cleaned,3010000000
cleane,3669200000
clean,3690100000
clearest,56800000
cleares,56800000
cleared,912000000
clearer,296000000
cleare,1264800000
clearly,1940000000
clearl,1940000000
clear,3204800000
clea,6894900000
cle,6894900000
climbers,435000000
climber,435000000
climbed,829000000
climbe,1264000000
climb,1264000000
clim,1264000000
cli,1264000000
closings,1140000000
closing,1140000000
closin,1140000000
closi,1140000000
closest,1070000000
closes,1070000000
closers,1610000000
closer,1610000000
close,2680000000
clos,3820000000
clouding,9960000
cloudin,9960000
cloudi,9960000
clouded,27400000
cloude,27400000
cloud,37360000
clou,37360000
clothed,171000000
clothes,3610000000
clothe,3781000000
cloth,3781000000
clot,3781000000
clo,7638360000
classes,6840000000
classe,6840000000
class,6840000000
clas,6840000000
cla,6840000000
cl,22637260000
craziest,156000000
crazies,156000000
crazie,156000000
crazi,156000000
craz,156000000
cra,156000000
creating,6150000000
creatin,6150000000
creati,6150000000
creat,6150000000
crea,6150000000
cre,6150000000
crowding,74800000
crowdin,74800000
crowdi,74800000
crowd,74800000
crow,74800000
cro,74800000
cr,6380800000
cuttings,1370000000
cutting,1370000000
cuttin,1370000000
cutti,1370000000
cutt,1370000000
cut,1370000000
cu,1370000000
chancing,1910000
chancin,1910000
chanci,1910000
chances,3540000000
chancer,3930000
chanced,40400000
chance,3584330000
chanc,3586240000
changing,12480000000
changin,12480000000
changi,12480000000
changers,65800000
changer,65800000
changed,3390000000
changes,10850000000
change,14305800000
chang,26785800000
chan,30372040000
cha,30372040000
checking,2170000000
checkin,2170000000
checki,2170000000
checkers,589000000
checker,589000000
checked,2190000000
checke,2779000000
check,4949000000
chec,4949000000
cheeking,363000
cheekin,363000
cheeki,363000
cheeked,7840000
cheeke,7840000
cheek,8203000
chee,8203000
che,4957203000
children,6820000000
childre,6820000000
childr,6820000000
child,6820000000
chil,6820000000
chi,6820000000
choicest,8760000
choices,8760000
choicer,589000
choice,9349000
choic,9349000
choi,9349000
choosing,6310000000
choosin,6310000000
choosi,6310000000
choosers,2210000
chooser,2210000
chooses,6750000000
choose,6752210000
choos,13062210000
choo,13062210000
cho,13071559000
churches,1340000000
churche,1340000000
church,1340000000
churc,1340000000
chur,1340000000
chu,1340000000
ch,56560802000
c,201373228800
disappearing,896000000
disappearin,896000000
disappeari,896000000
disappeared,1340000000
disappeare,1340000000
disappears,998000000
disappear,3234000000
disappea,3234000000
disappe,3234000000
disapp,3234000000
disap,3234000000
disa,3234000000
discovering,430000000
discoverin,430000000
discoveri,430000000
discover,430000000
discove,430000000
discov,430000000
disco,430000000
disc,430000000
distancing,227000000
distancin,227000000
distanci,227000000
distanc,227000000
distan,227000000
dista,227000000
dist,227000000
dis,3891000000
directions,2930000000
direction,2930000000
directio,2930000000
directi,2930000000
direct,2930000000
direc,2930000000
dire,2930000000
dir,2930000000
di,6821000000
darknesses,238000
darknesse,238000
darkness,238000
darknes,238000
darkne,238000
darkn,238000
dark,238000
dar,238000
dancings,915000
dancing,915000
dancin,915000
danci,915000
danc,915000
dan,915000
da,1153000
deciding,1980000000
decidin,1980000000
decidi,1980000000
deciders,652000
decider,652000
decide,652000
decid,1980652000
deci,1980652000
dec,1980652000
despites,185000
despite,185000
despit,185000
despi,185000
desp,185000
des,185000
de,1980837000
doctored,18500000
doctore,18500000
doctor,18500000
docto,18500000
doct,18500000
doc,18500000
doorways,105000000
doorway,105000000
doorwa,105000000
doorw,105000000
door,105000000
doo,105000000
do,123500000
dragging,203000000
draggin,203000000
draggi,203000000
dragg,203000000
drag,203000000
drawings,2300000000
drawing,2300000000
drawin,2300000000
drawi,2300000000
draw,2300000000
dra,2503000000
dreaming,215000000
dreamin,215000000
dreami,215000000
dream,215000000
drea,215000000
dresses,2340000000
dresse,2340000000
dress,2340000000
dres,2340000000
dre,2555000000
drinking,2810000000
drinkin,2810000000
drinki,2810000000
drinkers,53800000
drinker,53800000
drinke,53800000
drink,2863800000
drin,2863800000
drivings,128000
driving,128000
drivin,128000
drivi,128000
drivers,1910000000
driver,1910000000
drive,1910000000
driv,1910128000
dri,4773928000
dropping,2630000000
droppin,2630000000
droppi,2630000000
droppers,47000000
dropper,47000000
dropped,1560000000
droppe,1607000000
dropp,4237000000
drop,4237000000
dro,4237000000
dr,14068928000
dusting,116000000
dustin,116000000
dusti,116000000
dust,116000000
dus,116000000
du,116000000
d,23111418000
informations,19610000000
information,19610000000
informatio,19610000000
informati,19610000000
informat,19610000000
informa,19610000000
inform,19610000000
infor,19610000000
info,19610000000
inf,19610000000
interesting,3040000000
interestin,3040000000
interesti,3040000000
interests,3490000000
interest,6530000000
interes,6530000000
intere,6530000000
inter,6530000000
inte,6530000000
int,6530000000
in,26140000000
immediately,3320000000
immediatel,3320000000
immediate,3320000000
immediat,3320000000
immedia,3320000000
immedi,3320000000
immed,3320000000
imme,3320000000
imm,3320000000
imaginers,36200
imaginer,36200
imagines,1120000000
imagined,544000000
imagine,1664036200
imagin,1664036200
imagi,1664036200
imag,1664036200
ima,1664036200
important,9860000000
importan,9860000000
importa,9860000000
import,9860000000
impor,9860000000
impo,9860000000
imp,9860000000
im,14844036200
ignoring,1020000000
ignorin,1020000000
ignori,1020000000
ignorers,21800
ignorer,21800
ignore,21800
ignor,1020021800
igno,1020021800
ign,1020021800
ig,1020021800
i,42004058000
grandmothers,333000000
grandmother,333000000
grandmothe,333000000
grandmoth,333000000
grandmot,333000000
grandmo,333000000
grandm,333000000
grandfathers,17500000
grandfather,17500000
grandfathe,17500000
grandfath,17500000
grandfat,17500000
grandfa,17500000
grandf,17500000
grand,350500000
gran,350500000
grabbing,797000000
grabbin,797000000
grabbi,797000000
grabbers,47300000
grabber,47300000
grabbe,47300000
grabb,844300000
grab,844300000
gra,1194800000
groupings,370000000
grouping,370000000
groupin,370000000
groupi,370000000
group,370000000
grou,370000000
gro,370000000
greatest,2220000000
greates,2220000000
greate,2220000000
great,2220000000
grea,2220000000
greening,69300000
greenin,69300000
greeni,69300000
greenest,14100000
greenes,14100000
greene,14100000
green,83400000
gree,83400000
gre,2303400000
gr,3868200000
gardening,949000000
gardenin,949000000
gardeni,949000000
gardened,900000
gardene,900000
gardens,3060000000
garden,4009900000
garde,4009900000
gard,4009900000
gar,4009900000
gathered,1840000000
gathere,1840000000
gathers,967000000
gather,2807000000
gathe,2807000000
gath,2807000000
gat,2807000000
gamings,3290000
gaming,3290000
gamin,3290000
gami,3290000
gam,3290000
ga,6820190000
glancing,704000000
glancin,704000000
glanci,704000000
glanc,704000000
glan,704000000
gla,704000000
gl,704000000
guarding,195000000
guardin,195000000
guardi,195000000
guard,195000000
guar,195000000
gua,195000000
guessing,194000000
guessin,194000000
guessi,194000000
guess,194000000
gues,194000000
gue,194000000
gu,389000000
g,11781390000
questionings,478000
questioning,478000
questionin,478000
questioni,478000
questioners,1110000
questioner,1110000
questione,1110000
questions,6450000000
question,6451588000
questio,6451588000
questi,6451588000
quest,6451588000
ques,6451588000
que,6451588000
quieters,9840
quieter,9840
quietest,107000000
quietes,107000000
quieted,3910000
quiete,110919840
quieting,4050000
quietin,4050000
quieti,4050000
quietly,943000000
quietl,943000000
quiet,1057969840
quie,1057969840
quickest,536000000
quickes,536000000
quicker,547000000
quicke,1083000000
quickly,5210000000
quickl,5210000000
quick,6293000000
quic,6293000000
qui,7350969840
qu,13802557840
q,13802557840
approaching,390000000
approachin,390000000
approachi,390000000
approach,390000000
approac,390000000
approa,390000000
appro,390000000
appr,390000000
appeared,3250000000
appeare,3250000000
appears,6000000000
appear,9250000000
appea,9250000000
appe,9250000000
app,9640000000
ap,9640000000
afternoons,970000000
afternoon,970000000
afternoo,970000000
afterno,970000000
aftern,970000000
after,970000000
afte,970000000
aft,970000000
af,970000000
attacking,2770000000
attackin,2770000000
attacki,2770000000
attacked,1830000000
attacke,1830000000
attack,4600000000
attac,4600000000
atta,4600000000
attention,2330000000
attentio,2330000000
attenti,2330000000
attent,2330000000
atten,2330000000
atte,2330000000
att,6930000000
at,6930000000
answering,2660000000
answerin,2660000000
answeri,2660000000
answered,8300000000
answere,8300000000
answers,8700000000
answer,19660000000
answe,19660000000
answ,19660000000
ans,19660000000
angriest,3500000
angries,3500000
angrier,7950000
angrie,11450000
angri,11450000
angr,11450000
ang,11450000
anything,4690000000
anythin,4690000000
anythi,4690000000
anyth,4690000000
anyt,4690000000
anywhere,1370000000
anywher,1370000000
anywhe,1370000000
anywh,1370000000
anyways,796000000
anyway,796000000
anywa,796000000
anyw,2166000000
anybody,576000000
anybod,576000000
anybo,576000000
anyb,576000000
anymore,1040000000
anymor,1040000000
anymo,1040000000
anym,1040000000
any,8472000000
animals,5130000000
animal,5130000000
anima,5130000000
anim,5130000000
ani,5130000000
another,9020000000
anothe,9020000000
anoth,9020000000
anot,9020000000
ano,9020000000
an,42293450000
arriving,2180000000
arrivin,2180000000
arrivi,2180000000
arriv,2180000000
arri,2180000000
arr,2180000000
ar,2180000000
agreeing,468000000
agreein,468000000
agreei,468000000
agree,468000000
agre,468000000
agr,468000000
ag,468000000
actually,3260000000
actuall,3260000000
actual,3260000000
actua,3260000000
actu,3260000000
actings,326000
acting,326000
actin,326000
acti,326000
act,3260326000
accepted,7560000000
accepte,7560000000
accepts,5960000000
accept,13520000000
accep,13520000000
acce,13520000000
acc,13520000000
ac,16780326000
avoiding,3220000000
avoidin,3220000000
avoidi,3220000000
avoid,3220000000
avoi,3220000000
avo,3220000000
av,3220000000
allowing,4380000000
allowin,4380000000
allowi,4380000000
allowers,37700
allower,37700
allowed,4090000000
allowe,4090037700
allow,8470037700
allo,8470037700
all,8470037700
although,2520000000
althoug,2520000000
althou,2520000000
altho,2520000000
alth,2520000000
alt,2520000000
al,10990037700
admitted,1280000000
admitte,1280000000
admitt,1280000000
admit,1280000000
admi,1280000000
adm,1280000000
ad,1280000000
airings,11200000
airing,11200000
airin,11200000
airi,11200000
air,11200000
ai,11200000
a,94763013700
positioning,355000000
positionin,355000000
positioni,355000000
positions,3860000000
position,4215000000
positio,4215000000
positi,4215000000
posit,4215000000
posi,4215000000
possibles,7540000000
possible,7540000000
possibl,7540000000
possib,7540000000
possi,7540000000
poss,7540000000
pos,11755000000
pocketing,17300000
pocketin,17300000
pocketi,17300000
pocketed,11500000
pockete,11500000
pockets,950000000
pocket,978800000
pocke,978800000
pock,978800000
poc,978800000
powering,209000000
powerin,209000000
poweri,209000000
powered,3920000000
powere,3920000000
power,4129000000
powe,4129000000
pow,4129000000
policing,448000000
policin,448000000
polici,448000000
polices,2490000000
policed,17000000
police,2507000000
polic,2955000000
poli,2955000000
pol,2955000000
pointers,282000000
pointer,282000000
pointed,1200000000
pointe,1482000000
pointing,1280000000
pointin,1280000000
pointi,1280000000
point,2762000000
poin,2762000000
poi,2762000000
pourers,3880000
pourer,3880000
poure,3880000
pouring,392000000
pourin,392000000
pouri,392000000
pour,395880000
pou,395880000
porches,218000000
porche,218000000
porch,218000000
porc,218000000
por,218000000
poppers,83400000
popper,83400000
poppe,83400000
popping,271000000
poppin,271000000
poppi,271000000
popp,354400000
pop,354400000
poorest,357000000
poores,357000000
poore,357000000
poor,357000000
pooling,449000000
poolin,449000000
pooli,449000000
pool,449000000
poo,806000000
po,24354080000
promisers,37300
promiser,37300
promised,859000000
promises,1510000000
promise,2369037300
promising,623000000
promisin,623000000
promisi,623000000
promis,2992037300
promi,2992037300
prom,2992037300
problems,8930000000
problem,8930000000
proble,8930000000
probl,8930000000
probably,2260000000
probabl,2260000000
probab,2260000000
proba,2260000000
prob,11190000000
proving,1690000000
provin,1690000000
provi,1690000000
prov,1690000000
pro,15872037300
prettiest,157000000
pretties,157000000
prettier,42600000
prettie,199600000
pretti,199600000
prett,199600000
pretended,326000000
pretende,326000000
pretends,333000000
pretend,659000000
preten,659000000
prete,659000000
pret,858600000
pressings,5720000
pressing,5720000
pressin,5720000
pressi,5720000
pressers,1870000
presser,1870000
pressed,1240000000
presses,9520000000
presse,10761870000
press,10767590000
pres,10767590000
preparing,2140000000
preparin,2140000000
prepari,2140000000
prepares,3570000000
prepared,5410000000
prepare,8980000000
prepar,11120000000
prepa,11120000000
prep,11120000000
pre,22746190000
pr,38618227300
pleasings,244000000
pleasing,244000000
pleasin,244000000
pleasi,244000000
pleased,2240000000
pleases,54800000
please,2294800000
pleas,2538800000
plea,2538800000
ple,2538800000
platings,198000000
plating,198000000
platin,198000000
plati,198000000
plat,198000000
plastics,1750000000
plastic,1750000000
plasti,1750000000
plast,1750000000
plas,1750000000
planning,2570000000
plannin,2570000000
planni,2570000000
plann,2570000000
plan,2570000000
players,3500000000
player,3500000000
playe,3500000000
playing,19430000000
playin,19430000000
playi,19430000000
play,22930000000
pla,27448000000
pl,29986800000
picturing,19300000
picturin,19300000
picturi,19300000
pictured,268000000
pictures,11580000000
picture,11848000000
pictur,11867300000
pictu,11867300000
pict,11867300000
pickings,9000000
picking,9000000
pickin,9000000
picki,9000000
pick,9000000
pic,11876300000
pi,11876300000
personals,48200000
personal,48200000
persona,48200000
person,48200000
perso,48200000
pers,48200000
perfected,70500000
perfecte,70500000
perfects,8050000
perfect,78550000
perfec,78550000
perfe,78550000
perf,78550000
per,126750000
peopling,8390000
peoplin,8390000
peopli,8390000
peopl,8390000
peop,8390000
peo,8390000
pe,135140000
parenting,707000000
parentin,707000000
parenti,707000000
parented,2540000
parente,2540000
parent,709540000
paren,709540000
pare,709540000
partying,98800000
partyin,98800000
partyi,98800000
party,98800000
partings,1470000
parting,1470000
partin,1470000
parti,1470000
part,100270000
par,809810000
paintings,1350000000
painting,1350000000
paintin,1350000000
painti,1350000000
paint,1350000000
pain,1350000000
pairings,364000000
pairing,364000000
pairin,364000000
pairi,364000000
pair,364000000
pai,1714000000
pa,2523810000
pullings,249000
pulling,249000
pullin,249000
pulli,249000
pullers,13100000
puller,13100000
pulle,13100000
pull,13349000
pul,13349000
putting,9320000000
puttin,9320000000
putti,9320000000
putt,9320000000
put,9320000000
pushers,10500000
pusher,10500000
pushe,10500000
pushing,2970000000
pushin,2970000000
pushi,2970000000
push,2980500000
pus,2980500000
pu,12313849000
p,119808206300
travellings,242000
travelling,242000
travellin,242000
travelli,242000
travell,242000
traveled,1220000000
travele,1220000000
travel,1220242000
trave,1220242000
trav,1220242000
training,2890000000
trainin,2890000000
traini,2890000000
train,2890000000
trai,2890000000
tracking,3570000000
trackin,3570000000
tracki,3570000000
track,3570000000
trac,3570000000
tra,7680242000
trusters,197000
truster,197000
trusted,1150000000
truste,1150197000
trusting,122000000
trustin,122000000
trusti,122000000
trust,1272197000
trus,1272197000
trucked,2660000
trucke,2660000
truck,2660000
truc,2660000
tru,1274857000
troubled,201000000
troubles,1560000000
trouble,1761000000
troubl,1761000000
troub,1761000000
trou,1761000000
tro,1761000000
tripping,148000000
trippin,148000000
trippi,148000000
tripped,116000000
trippe,116000000
tripp,264000000
trip,264000000
tri,264000000
treeing,5530000
treein,5530000
treei,5530000
tree,5530000
tre,5530000
tr,10985629000
televisions,2170000000
television,2170000000
televisio,2170000000
televisi,2170000000
televis,2170000000
televi,2170000000
telev,2170000000
tele,2170000000
tellings,828000
telling,828000
tellin,828000
telli,828000
tell,828000
tel,2170828000
teachings,1580000000
teaching,1580000000
teachin,1580000000
teachi,1580000000
teachers,2730000000
teacher,2730000000
teaches,4030000000
teache,6760000000
teach,8340000000
teac,8340000000
tearing,212000000
tearin,212000000
teari,212000000
tear,212000000
teaming,67000000
teamin,67000000
teami,67000000
team,67000000
tea,8619000000
teething,47800000
teethin,47800000
teethi,47800000
teeth,47800000
teet,47800000
tee,47800000
terrible,432000000
terribl,432000000
terrib,432000000
terri,432000000
terr,432000000
ter,432000000
te,11269628000
touchers,485000
toucher,485000
touche,485000
touch,485000
touc,485000
tou,485000
toppings,277000000
topping,277000000
toppin,277000000
toppi,277000000
topp,277000000
top,277000000
tonights,793000000
tonight,793000000
tonigh,793000000
tonig,793000000
toni,793000000
tonguers,466000
tonguer,466000
tongued,11800000
tongues,544000000
tongue,556266000
tonguing,18400000
tonguin,18400000
tongui,18400000
tongu,574666000
tong,574666000
ton,1367666000
together,5590000000
togethe,5590000000
togeth,5590000000
toget,5590000000
toge,5590000000
tog,5590000000
to,7235151000
throwers,10300000
thrower,10300000
throwe,10300000
throwing,1410000000
throwin,1410000000
throwi,1410000000
throw,1420300000
through,10990000000
throug,10990000000
throu,10990000000
throats,77900000
throat,77900000
throa,77900000
thro,12488200000
thr,12488200000
thirties,49000000
thirtie,49000000
thirti,49000000
thirt,49000000
thir,49000000
thinners,290000000
thinner,290000000
thinnest,243000000
thinnes,243000000
thinned,19700000
thinne,552700000
thinning,171000000
thinnin,171000000
thinni,171000000
thinn,723700000
thin,723700000
thickest,42200000
thickes,42200000
thicker,679000000
thicke,721200000
thick,721200000
thic,721200000
thi,1493900000
thoughts,2990000000
thought,2990000000
though,2990000000
thoug,2990000000
thou,2990000000
tho,2990000000
thanking,154000000
thankin,154000000
thanki,154000000
thanked,158000000
thanke,158000000
thank,312000000
than,312000000
tha,312000000
th,17284100000
twenties,108000000
twentie,108000000
twenti,108000000
twent,108000000
twen,108000000
twe,108000000
tw,108000000
turnings,3000000
turning,3000000
turnin,3000000
turni,3000000
turn,3000000
tur,3000000
tu,3000000
tiniest,45900000
tinies,45900000
tinie,45900000
tini,45900000
tin,45900000
timings,1130000000
timing,1130000000
timin,1130000000
timi,1130000000
tim,1130000000
ti,1175900000
tallest,536000000
talles,536000000
talle,536000000
tall,536000000
talkers,10500000
talker,10500000
talke,10500000
talking,2680000000
talkin,2680000000
talki,2680000000
talk,2690500000
tal,3226500000
takings,6130000
taking,6130000
takin,6130000
taki,6130000
tak,6130000
ta,3232630000
t,51294038000
recognizing,2650000000
recognizin,2650000000
recognizi,2650000000
recognizers,517000
recognizer,517000
recognize,517000
recogniz,2650517000
recogni,2650517000
recogn,2650517000
recog,2650517000
reco,2650517000
receiving,1960000000
receivin,1960000000
receivi,1960000000
received,2610000000
receives,3410000000
receive,6020000000
receiv,7980000000
recei,7980000000
rece,7980000000
rec,10630517000
remembering,1080000000
rememberin,1080000000
rememberi,1080000000
rememberers,58500
rememberer,58500
remembered,1050000000
remembere,1050058500
remembers,3120000000
remember,5250058500
remembe,5250058500
rememb,5250058500
remem,5250058500
reme,5250058500
reminding,584000000
remindin,584000000
remindi,584000000
reminded,497000000
reminde,497000000
reminds,868000000
remind,1949000000
remin,1949000000
remi,1949000000
remaining,1410000000
remainin,1410000000
remaini,1410000000
remained,736000000
remaine,736000000
remains,2490000000
remain,4636000000
remai,4636000000
rema,4636000000
removing,3690000000
removin,3690000000
removi,3690000000
removed,7640000000
removes,3100000000
remove,10740000000
remov,14430000000
remo,14430000000
rem,26265058500
returning,4290000000
returnin,4290000000
returni,4290000000
returned,4660000000
returne,4660000000
returns,4600000000
return,13550000000
retur,13550000000
retu,13550000000
ret,13550000000
reasoning,531000000
reasonin,531000000
reasoni,531000000
reasoned,505000000
reasone,505000000
reasons,8920000000
reason,9956000000
reaso,9956000000
reas,9956000000
realizing,1280000000
realizin,1280000000
realizi,1280000000
realizes,969000000
realized,1020000000
realize,1989000000
realiz,3269000000
reali,3269000000
realest,2010000000
reales,2010000000
reale,2010000000
real,5279000000
readiest,466000
readies,466000
readier,454000
readied,6640000
readie,7560000
readings,3130000000
reading,3130000000
readin,3130000000
readi,3137560000
readying,19600000
readyin,19600000
readyi,19600000
ready,19600000
readers,8320000000
reader,8320000000
reade,8320000000
read,11477160000
reachers,29200000
reacher,29200000
reached,2210000000
reaches,3090000000
reache,5329200000
reaching,1450000000
reachin,1450000000
reachi,1450000000
reach,6779200000
reac,6779200000
rea,33491360000
revealed,1740000000
reveale,1740000000
reveals,4050000000
reveal,5790000000
revea,5790000000
reve,5790000000
rev,5790000000
repliers,133000
replier,133000
replies,2240000000
replied,262000000
replie,2502133000
repli,2502133000
replying,260000000
replyin,260000000
replyi,260000000
reply,260000000
repl,2762133000
repeated,1020000000
repeate,1020000000
repeats,1050000000
repeat,2070000000
repea,2070000000
repe,2070000000
rep,4832133000
refusing,1180000000
refusin,1180000000
refusi,1180000000
refuses,826000000
refused,1370000000
refuse,2196000000
refus,3376000000
refu,3376000000
ref,3376000000
resting,551000000
restin,551000000
resti,551000000
rest,551000000
res,551000000
reddest,2080000
reddes,2080000
redde,2080000
redd,2080000
red,2080000
re,98488148500
runnings,2560000000
running,2560000000
runnin,2560000000
runni,2560000000
runners,552000000
runner,552000000
runne,552000000
runn,3112000000
run,3112000000
rushing,255000000
rushin,255000000
rushi,255000000
rush,255000000
rus,255000000
rubbing,431000000
rubbin,431000000
rubbi,431000000
rubb,431000000
rub,431000000
ru,3798000000
rounders,87300000
rounder,87300000
rounded,419000000
rounde,506300000
rounding,375000000
roundin,375000000
roundi,375000000
round,881300000
roun,881300000
rou,881300000
roofings,1360000
roofing,1360000
roofin,1360000
roofi,1360000
roof,1360000
rooming,20200000
roomin,20200000
roomi,20200000
room,20200000
roo,21560000
rollings,654000000
rolling,654000000
rollin,654000000
rolli,654000000
roll,654000000
rol,654000000
rowings,183000000
rowing,183000000
rowin,183000000
rowi,183000000
row,183000000
rocking,201000000
rockin,201000000
rocki,201000000
rock,201000000
roc,201000000
ro,1940860000
ringings,72000
ringing,72000
ringin,72000
ringi,72000
ring,72000
rin,72000
righting,10800000
rightin,10800000
righti,10800000
righter,2200000
righted,5030000
righte,7230000
right,18030000
righ,18030000
rig,18030000
risings,1410000
rising,1410000
risin,1410000
risi,1410000
ris,1410000
ridings,7520000
riding,7520000
ridin,7520000
ridi,7520000
rid,7520000
ri,27032000
raising,2570000000
raisin,2570000000
raisi,2570000000
rais,2570000000
raining,357000000
rainin,357000000
raini,357000000
rain,357000000
rai,2927000000
ra,2927000000
r,107181040500
expressions,3770000000
expression,3770000000
expressio,3770000000
expressi,3770000000
express,3770000000
expres,3770000000
expre,3770000000
expr,3770000000
expecting,263000000
expectin,263000000
expecti,263000000
expected,1650000000
expecte,1650000000
expects,3000000000
expect,4913000000
expec,4913000000
expe,4913000000
explained,4040000000
explaine,4040000000
explains,4480000000
explain,8520000000
explai,8520000000
expla,8520000000
expl,8520000000
exp,17203000000
excepting,70700000
exceptin,70700000
excepti,70700000
excepted,59800000
excepte,59800000
excepts,2540000
except,133040000
excep,133040000
exce,133040000
exciting,1130000000
excitin,1130000000
exciti,1130000000
excited,1500000000
excites,194000000
excite,1694000000
excit,2824000000
exci,2824000000
exc,2957040000
exactly,2540000000
exactl,2540000000
exact,2540000000
exac,2540000000
exa,2540000000
ex,22700040000
everybody,645000000
everybod,645000000
everybo,645000000
everyb,645000000
everyone,2340000000
everyon,2340000000
everyo,2340000000
every,2985000000
ever,2985000000
eve,2985000000
ev,2985000000
earliest,565000000
earlies,565000000
earlier,2900000000
earlie,3465000000
earli,3465000000
earl,3465000000
earthing,28100000
earthin,28100000
earthi,28100000
earthed,6410000
earthe,6410000
earth,34510000
eart,34510000
ear,3499510000
eastest,369000
eastes,369000
easte,369000
east,369000
easiest,1060000000
easies,1060000000
easie,1060000000
easi,1060000000
eas,1060369000
ea,4559879000
emptiest,233000
empties,233000
emptied,170000000
emptier,2010000
emptie,172243000
empti,172243000
emptying,139000000
emptyin,139000000
emptyi,139000000
empty,139000000
empt,311243000
emp,311243000
em,311243000
enjoying,2030000000
enjoyin,2030000000
enjoyi,2030000000
enjoyers,1910000
enjoyer,1910000
enjoyed,2790000000
enjoye,2791910000
enjoy,4821910000
enjo,4821910000
enj,4821910000
entering,3860000000
enterin,3860000000
enteri,3860000000
entered,6090000000
entere,6090000000
enter,9950000000
ente,9950000000
entires,876000
entire,876000
entir,876000
enti,876000
ent,9950876000
endings,1740000000
ending,1740000000
endin,1740000000
endi,1740000000
end,1740000000
engines,1670000000
engine,1670000000
engin,1670000000
engi,1670000000
eng,1670000000
enoughs,498000
enough,498000
enoug,498000
enou,498000
eno,498000
en,18183284000
edgings,147000000
edging,147000000
edgin,147000000
edgi,147000000
edg,147000000
ed,147000000
efforts,3000000000
effort,3000000000
effor,3000000000
effo,3000000000
eff,3000000000
ef,3000000000
e,51886446000
straightest,2610000
straightes,2610000
straighter,39100000
straighte,41710000
straights,2780000000
straight,2821710000
straigh,2821710000
straig,2821710000
strai,2821710000
strangest,44900000
stranges,44900000
strangers,455000000
stranger,455000000
strange,499900000
strang,499900000
stran,499900000
stra,3321610000
stretching,1510000000
stretchin,1510000000
stretchi,1510000000
stretched,678000000
stretches,939000000
stretche,1617000000
stretch,3127000000
stretc,3127000000
stret,3127000000
stre,3127000000
strongest,1630000000
stronges,1630000000
stronger,870000000
stronge,2500000000
strong,2500000000
stron,2500000000
stro,2500000000
strikings,68800
striking,68800
strikin,68800
striki,68800
strik,68800
stri,68800
str,8948678800
stationing,2060000
stationin,2060000
stationi,2060000
stationed,104000000
statione,104000000
stations,3220000000
station,3326060000
statio,3326060000
stating,533000000
statin,533000000
stati,3859060000
stat,3859060000
standings,167000000
standing,167000000
standin,167000000
standi,167000000
stand,167000000
stan,167000000
starters,1290000000
starter,1290000000
started,5570000000
starte,6860000000
starting,4250000000
startin,4250000000
starti,4250000000
start,11110000000
starring,444000000
starrin,444000000
starri,444000000
starred,319000000
starre,319000000
starr,763000000
starers,92500
starer,92500
stare,92500
staring,748000000
starin,748000000
stari,748000000
star,12621092500
staying,1490000000
stayin,1490000000
stayi,1490000000
stay,1490000000
sta,18137152500
stupidest,17000000
stupides,17000000
stupider,2060000
stupide,19060000
stupid,19060000
stupi,19060000
stup,19060000
stuffings,127000000
stuffing,127000000
stuffin,127000000
stuffi,127000000
stuff,127000000
stuf,127000000
studying,1030000000
studyin,1030000000
studyi,1030000000
study,1030000000
students,2910000000
student,2910000000
studen,2910000000
stude,2910000000
stud,3940000000
stu,4086060000
stomaches,177000
stomached,202000
stomache,379000
stomachs,40200000
stomach,40579000
stomac,40579000
stoma,40579000
stom,40579000
storming,121000000
stormin,121000000
stormi,121000000
storm,121000000
stor,121000000
stoppers,252000000
stopper,252000000
stoppe,252000000
stopping,2270000000
stoppin,2270000000
stoppi,2270000000
stopp,2522000000
stop,2522000000
sto,2683579000
stickers,492000000
sticker,492000000
sticke,492000000
sticking,1400000000
stickin,1400000000
sticki,1400000000
stick,1892000000
stic,1892000000
sti,1892000000
stepping,304000000
steppin,304000000
steppi,304000000
stepped,525000000
steppe,525000000
stepp,829000000
step,829000000
stealers,38400000
stealer,38400000
steale,38400000
stealing,535000000
stealin,535000000
steali,535000000
steal,573400000
stea,573400000
ste,1402400000
st,37149870300
spreadings,582000000
spreading,582000000
spreadin,582000000
spreadi,582000000
spreaders,46200000
spreader,46200000
spreade,46200000
spreads,1690000000
spread,2318200000
sprea,2318200000
spre,2318200000
springing,18500000
springin,18500000
springi,18500000
springs,3010000000
spring,3028500000
sprin,3028500000
spri,3028500000
spr,5346700000
spiriting,604000
spiritin,604000
spiriti,604000
spirited,140000000
spirite,140000000
spirits,1390000000
spirit,1530604000
spiri,1530604000
spir,1530604000
spinners,193000000
spinner,193000000
spinne,193000000
spinn,193000000
spin,193000000
spi,1723604000
spotting,447000000
spottin,447000000
spotti,447000000
spotted,388000000
spotte,388000000
spott,835000000
spot,835000000
spo,835000000
spenders,47400000
spender,47400000
spende,47400000
spend,47400000
spen,47400000
specials,7370000000
special,7370000000
specia,7370000000
speci,7370000000
spec,7370000000
speakers,1490000000
speaker,1490000000
speake,1490000000
speaking,4650000000
speakin,4650000000
speaki,4650000000
speak,6140000000
spea,6140000000
spe,13557400000
spacings,11400000
spacing,11400000
spacin,11400000
spaci,11400000
spac,11400000
spa,11400000
sp,21474104000
somebodies,3000000
somebodie,3000000
somebodi,3000000
somebody,899000000
somebod,902000000
somebo,902000000
someb,902000000
someones,5590000000
someone,5590000000
someon,5590000000
someo,5590000000
somehow,325000000
someho,325000000
someh,325000000
some,6817000000
som,6817000000
soldiering,4720000
soldierin,4720000
soldieri,4720000
soldiers,736000000
soldier,740720000
soldie,740720000
soldi,740720000
sold,740720000
sol,740720000
soundest,1230000
soundes,1230000
sounders,28200000
sounder,28200000
sounded,295000000
sounde,324430000
sound,324430000
soun,324430000
southest,744000000
southes,744000000
southe,744000000
south,744000000
sout,744000000
sou,1068430000
sorriest,197000
sorries,197000
sorrier,227000
sorrie,424000
sorri,424000
sorr,424000
sorting,692000000
sortin,692000000
sorti,692000000
sort,692000000
sor,692424000
so,9318574000
situations,4020000000
situation,4020000000
situatio,4020000000
situati,4020000000
situat,4020000000
situa,4020000000
situ,4020000000
sittings,1770000000
sitting,1770000000
sittin,1770000000
sitti,1770000000
sitt,1770000000
sit,5790000000
singling,47300000
singlin,47300000
singli,47300000
singl,47300000
singings,310000
singing,310000
singin,310000
singi,310000
sing,47610000
sin,47610000
simplest,559000000
simples,559000000
simple,559000000
simpl,559000000
simp,559000000
sim,559000000
silvered,8080000
silvere,8080000
silver,8080000
silve,8080000
silv,8080000
silences,22800000
silenced,212000000
silence,234800000
silenc,234800000
silen,234800000
sile,234800000
sil,242880000
signings,47300000
signing,47300000
signin,47300000
signi,47300000
sign,47300000
sig,47300000
si,6686790000
suggesting,3960000000
suggestin,3960000000
suggesti,3960000000
suggested,3500000000
suggeste,3500000000
suggests,2150000000
suggest,9610000000
sugges,9610000000
sugge,9610000000
sugg,9610000000
sug,9610000000
surprised,1380000000
surprises,736000000
surprise,2116000000
surpris,2116000000
surpri,2116000000
surpr,2116000000
surp,2116000000
surfacing,44000000
surfacin,44000000
surfaci,44000000
surfaced,116000000
surfaces,2020000000
surface,2136000000
surfac,2180000000
surfa,2180000000
surf,2180000000
sur,4296000000
supposing,52000000
supposin,52000000
supposi,52000000
supposed,2110000000
supposes,10400000
suppose,2120400000
suppos,2172400000
suppo,2172400000
supp,2172400000
sup,2172400000
suitings,2130000
suiting,2130000
suitin,2130000
suiti,2130000
suit,2130000
sui,2130000
suddenly,1060000000
suddenl,1060000000
sudden,1060000000
sudde,1060000000
sudd,1060000000
sud,1060000000
sunning,9880000
sunnin,9880000
sunni,9880000
sunn,9880000
sun,9880000
su,17150410000
sheetings,880000
sheeting,880000
sheetin,880000
sheeti,880000
sheeted,3620000
sheete,3620000
sheet,4500000
shee,4500000
she,4500000
shadowing,61400000
shadowin,61400000
shadowi,61400000
shadowed,91500000
shadowe,91500000
shadows,1150000000
shadow,1302900000
shado,1302900000
shad,1302900000
sharpest,26400000
sharpes,26400000
sharpers,312000
sharper,312000
sharpe,26712000
sharp,26712000
sharers,25100000
sharer,25100000
share,25100000
sharing,11400000000
sharin,11400000000
shari,11400000000
shar,11451812000
shapers,64400000
shaper,64400000
shape,64400000
shaping,612000000
shapin,612000000
shapi,612000000
shap,676400000
shakers,231000000
shaker,231000000
shake,231000000
shaking,564000000
shakin,564000000
shaki,564000000
shak,795000000
sha,14226112000
shutting,215000000
shuttin,215000000
shutti,215000000
shutt,215000000
shut,215000000
shu,215000000
shrugged,72200000
shrugge,72200000
shrugg,72200000
shrug,72200000
shru,72200000
shr,72200000
showered,236000000
showere,236000000
shower,236000000
showe,236000000
showings,27500000
showing,27500000
showin,27500000
showi,27500000
show,263500000
shouting,262000000
shoutin,262000000
shouti,262000000
shout,262000000
shou,262000000
shortest,250000000
shortes,250000000
shorte,250000000
short,250000000
shor,250000000
shooters,230000000
shooter,230000000
shoote,230000000
shoot,230000000
shoo,230000000
sho,1005500000
shitting,66500000
shittin,66500000
shitti,66500000
shitt,66500000
shit,66500000
shirting,11900000
shirtin,11900000
shirti,11900000
shirted,1260000
shirte,1260000
shirt,13160000
shir,13160000
shipping,1710000000
shippin,1710000000
shippi,1710000000
shipped,2500000000
shippe,2500000000
shipp,4210000000
ship,4210000000
shi,4289660000
sh,19812972000
settlings,402000
settling,402000
settlin,402000
settli,402000
settles,559000000
settled,1630000000
settle,2189000000
settl,2189402000
settings,6160000000
setting,6160000000
settin,6160000000
setti,6160000000
sett,8349402000
set,8349402000
servicing,385000000
servicin,385000000
servici,385000000
services,8920000000
serviced,248000000
service,9168000000
servic,9553000000
servings,208000000
serving,208000000
servin,208000000
servi,9761000000
serv,9761000000
seriously,709000000
seriousl,709000000
serious,709000000
seriou,709000000
serio,709000000
seri,709000000
ser,10470000000
seconding,3450000
secondin,3450000
secondi,3450000
seconded,21200000
seconde,21200000
seconds,1080000000
second,1104650000
secon,1104650000
seco,1104650000
sec,1104650000
searching,11070000000
searchin,11070000000
searchi,11070000000
searched,2170000000
searches,11870000000
searche,14040000000
search,25110000000
searc,25110000000
sear,25110000000
seatings,5120000
seating,5120000
seatin,5120000
seati,5120000
seat,5120000
sea,25115120000
several,7380000000
severa,7380000000
sever,7380000000
seve,7380000000
sev,7380000000
sensing,1240000000
sensin,1240000000
sensi,1240000000
sens,1240000000
senders,343000000
sender,343000000
sende,343000000
sending,1490000000
sendin,1490000000
sendi,1490000000
send,1833000000
sen,3073000000
sellers,814000000
seller,814000000
selle,814000000
selling,6730000000
sellin,6730000000
selli,6730000000
sell,7544000000
sel,7544000000
seeming,518000000
seemin,518000000
seemi,518000000
seem,518000000
seeings,410000
seeing,410000
seein,410000
seei,410000
see,518410000
se,63554582000
screaming,551000000
screamin,551000000
screami,551000000
screamed,406000000
screame,406000000
screams,475000000
scream,1432000000
screa,1432000000
screened,230000000
screene,230000000
screens,2950000000
screen,3180000000
scree,3180000000
scre,4612000000
scr,4612000000
schooled,32300000
schoole,32300000
schools,5790000000
school,5822300000
schoo,5822300000
scho,5822300000
sch,5822300000
scarers,953000
scarer,953000
scare,953000
scaring,221000000
scarin,221000000
scari,221000000
scar,221953000
sca,221953000
sc,10656253000
snapping,95100000
snappin,95100000
snappi,95100000
snapp,95100000
snap,95100000
sna,95100000
sn,95100000
smokings,2400000
smoking,2400000
smokin,2400000
smoki,2400000
smok,2400000
smo,2400000
smelling,426000000
smellin,426000000
smelli,426000000
smell,426000000
smel,426000000
sme,426000000
smallest,529000000
smalles,529000000
smalle,529000000
small,529000000
smal,529000000
sma,529000000
sm,957400000
slipping,622000000
slippin,622000000
slippi,622000000
slipp,622000000
slip,622000000
slightly,1800000000
slightl,1800000000
slight,1800000000
sligh,1800000000
slig,1800000000
sli,2422000000
sleepers,143000000
sleeper,143000000
sleepe,143000000
sleeping,1950000000
sleepin,1950000000
sleepi,1950000000
sleep,2093000000
slee,2093000000
sle,2093000000
slamming,149000000
slammin,149000000
slammi,149000000
slamm,149000000
slam,149000000
sla,149000000
sl,4664000000
skinning,18100000
skinnin,18100000
skinni,18100000
skinn,18100000
skin,18100000
ski,18100000
sk,18100000
swingers,159000000
swinger,159000000
swinge,159000000
swinging,133000000
swingin,133000000
swingi,133000000
swing,292000000
swin,292000000
swi,292000000
sweetest,119000000
sweetes,119000000
sweeter,156000000
sweete,275000000
sweet,275000000
swee,275000000
swe,275000000
sw,567000000
sayings,2810000000
saying,2810000000
sayin,2810000000
sayi,2810000000
say,2810000000
savings,1970000000
saving,1970000000
savin,1970000000
savi,1970000000
sav,1970000000
sanding,188000000
sandin,188000000
sandi,188000000
sand,188000000
san,188000000
saddest,64900000
saddes,64900000
sadde,64900000
sadd,64900000
sad,64900000
sa,5032900000
systems,15650000000
system,15650000000
syste,15650000000
syst,15650000000
sys,15650000000
sy,15650000000
s,212788055300
businesses,9900000000
businesse,9900000000
business,9900000000
busines,9900000000
busine,9900000000
busin,9900000000
busi,9900000000
bus,9900000000
buildings,3770000000
building,3770000000
buildin,3770000000
buildi,3770000000
builders,573000000
builder,573000000
builde,573000000
build,4343000000
buil,4343000000
bui,4343000000
burnings,43700000
burning,43700000
burnin,43700000
burni,43700000
burn,43700000
bur,43700000
bu,14286700000
breathings,484000
breathing,484000
breathin,484000
breathi,484000
breathers,7520000
breather,7520000
breathed,314000000
breathes,720000000
breathe,1041520000
breaths,518000000
breath,1560004000
breat,1560004000
breasting,1220000
breastin,1220000
breasti,1220000
breasted,209000000
breaste,209000000
breasts,1270000000
breast,1480220000
breas,1480220000
breaking,3840000000
breakin,3840000000
breaki,3840000000
breakers,194000000
breaker,194000000
breake,194000000
break,4034000000
brea,7074224000
bre,7074224000
brightest,256000000
brightes,256000000
brighter,326000000
brighte,582000000
bright,582000000
brigh,582000000
brig,582000000
bridging,250000000
bridgin,250000000
bridgi,250000000
bridges,1730000000
bridged,317000000
bridge,2047000000
bridg,2297000000
brid,2297000000
bringing,3270000000
bringin,3270000000
bringi,3270000000
bringers,1320000
bringer,1320000
bringe,1320000
bring,3271320000
brin,3271320000
bri,6150320000
brownings,145000000
browning,145000000
brownin,145000000
browni,145000000
brown,145000000
brow,145000000
brothers,1910000000
brother,1910000000
brothe,1910000000
broth,1910000000
brot,1910000000
bro,2055000000
braining,271000000
brainin,271000000
braini,271000000
brained,7180000
braine,7180000
brain,278180000
brai,278180000
branches,2000000000
branched,227000000
branche,2227000000
branch,2227000000
branc,2227000000
bran,2227000000
bra,2505180000
br,17784724000
bothering,344000000
botherin,344000000
botheri,344000000
botherers,42400
botherer,42400
bothered,308000000
bothere,308042400
bothers,323000000
bother,975042400
bothe,975042400
both,975042400
bottoming,15700000
bottomin,15700000
bottomi,15700000
bottomed,30900000
bottome,30900000
bottoms,4770000000
bottom,4816600000
botto,4816600000
bottling,169000000
bottlin,169000000
bottli,169000000
bottles,1610000000
bottled,204000000
bottle,1814000000
bottl,1983000000
bott,6799600000
bot,7774642400
boatings,86200
boating,86200
boatin,86200
boati,86200
boat,86200
boarded,66700000
boarde,66700000
board,66700000
boar,66700000
boa,66786200
bookings,1050000000
booking,1050000000
bookin,1050000000
booki,1050000000
book,1050000000
booting,151000000
bootin,151000000
booti,151000000
boot,151000000
boo,1201000000
boxings,713000000
boxing,713000000
boxin,713000000
boxi,713000000
box,713000000
bo,9755428600
bathrooms,737000000
bathroom,737000000
bathroo,737000000
bathro,737000000
bathr,737000000
bath,737000000
bat,737000000
backings,4660000
backing,4660000
backin,4660000
backi,4660000
back,4660000
bac,4660000
bankings,669000
banking,669000
bankin,669000
banki,669000
bank,669000
ban,669000
bagging,107000000
baggin,107000000
baggi,107000000
baggers,47500000
bagger,47500000
bagge,47500000
bagg,154500000
bag,154500000
balling,20500000
ballin,20500000
balli,20500000
ball,20500000
bal,20500000
ba,917329000
belonged,608000000
belonge,608000000
belong,608000000
belon,608000000
belo,608000000
believes,2710000000
believed,949000000
believe,3659000000
believ,3659000000
belie,3659000000
beli,3659000000
bel,4267000000
bettered,15600000
bettere,15600000
better,15600000
bette,15600000
bett,15600000
bet,15600000
beaching,3560000
beachin,3560000
beachi,3560000
beached,15200000
beaches,2800000000
beache,2815200000
beach,2818760000
beac,2818760000
beatings,576000000
beating,576000000
beatin,576000000
beati,576000000
beaters,49200000
beater,49200000
beate,49200000
beat,625200000
bearing,666000000
bearin,666000000
beari,666000000
bear,666000000
bea,4109960000
becoming,2530000000
becomin,2530000000
becomi,2530000000
becomes,9650000000
become,9650000000
becom,12180000000
beco,12180000000
because,12370000000
becaus,12370000000
becau,12370000000
beca,12370000000
bec,24550000000
beddings,348000000
bedding,348000000
beddin,348000000
beddi,348000000
bedd,348000000
bedrooms,707000000
bedroom,707000000
bedroo,707000000
bedro,707000000
bedr,707000000
bed,1055000000
be,33997560000
blacking,9140000
blackin,9140000
blacki,9140000
blackest,16100000
blackes,16100000
blacker,15300000
blacke,31400000
black,40540000
blac,40540000
bla,40540000
blocking,1300000000
blockin,1300000000
blocki,1300000000
blockers,294000000
blocker,294000000
blocked,1590000000
blocke,1884000000
block,3184000000
bloc,3184000000
blooded,86700000
bloode,86700000
blood,86700000
bloo,86700000
blowing,418000000
blowin,418000000
blowi,418000000
blowers,150000000
blower,150000000
blowe,150000000
blow,568000000
blo,3838700000
bl,3879240000
biggest,3870000000
bigges,3870000000
bigge,3870000000
bigg,3870000000
big,3870000000
birding,103000000
birdin,103000000
birdi,103000000
bird,103000000
bir,103000000
bi,3973000000
b,84593981600
younglings,3850000
youngling,3850000
younglin,3850000
youngli,3850000
youngl,3850000
youngest,252000000
younges,252000000
younger,1340000000
younge,1592000000
young,1595850000
youn,1595850000
yourself,2970000000
yoursel,2970000000
yourse,2970000000
yours,2970000000
your,2970000000
you,4565850000
yo,4565850000
yellowed,6900000
yellower,674000
yellowe,7574000
yellows,6330000000
yellow,6337574000
yello,6337574000
yelling,286000000
yellin,286000000
yelli,286000000
yell,6623574000
yel,6623574000
ye,6623574000
y,11189424000
waterings,941000
watering,941000
waterin,941000
wateri,941000
water,941000
wate,941000
watchings,497000
watching,497000
watchin,497000
watchi,497000
watch,497000
watc,497000
wat,1438000
washings,5520000
washing,5520000
washin,5520000
washi,5520000
wash,5520000
was,5520000
walkings,307000
walking,307000
walkin,307000
walki,307000
walkers,870000000
walker,870000000
walke,870000000
walk,870307000
walling,20900000
wallin,20900000
walli,20900000
wall,20900000
wal,891207000
waitings,123000
waiting,123000
waitin,123000
waiti,123000
wait,123000
wai,123000
warmers,383000000
warmer,383000000
warmest,296000000
warmes,296000000
warme,679000000
warming,525000000
warmin,525000000
warmi,525000000
warm,1204000000
warring,43800000
warrin,43800000
warri,43800000
warr,43800000
war,1247800000
wanters,219000
wanter,219000
wante,219000
wanting,681000000
wantin,681000000
wanti,681000000
want,681219000
wan,681219000
wakings,220000
waking,220000
wakin,220000
waki,220000
wak,220000
wa,2827527000
wondering,948000000
wonderin,948000000
wonderi,948000000
wondered,354000000
wondere,354000000
wonders,853000000
wonder,2155000000
wonde,2155000000
wond,2155000000
won,2155000000
wouldn-t,593000000
wouldn-,593000000
wouldn,593000000
would,593000000
woul,593000000
wou,593000000
worrying,1570000000
worryin,1570000000
worryi,1570000000
worry,1570000000
worries,1410000000
worried,1270000000
worrie,2680000000
worri,2680000000
worr,4250000000
workings,6090000000
working,6090000000
workin,6090000000
worki,6090000000
workers,2330000000
worker,2330000000
worke,2330000000
work,8420000000
wordings,290000000
wording,290000000
wordin,290000000
wordi,290000000
word,290000000
wor,12960000000
wo,15708000000
wintering,22900000
winterin,22900000
winteri,22900000
wintered,1880000
wintere,1880000
winters,3740000000
winter,3764780000
winte,3764780000
wint,3764780000
windings,159000000
winding,159000000
windin,159000000
windi,159000000
wind,159000000
win,3923780000
without,11960000000
withou,11960000000
witho,11960000000
with,11960000000
wit,11960000000
wishing,1020000000
wishin,1020000000
wishi,1020000000
wish,1020000000
wis,1020000000
wi,16903780000
whispered,189000000
whispere,189000000
whispers,257000000
whisper,446000000
whispe,446000000
whisp,446000000
whis,446000000
whi,446000000
whatever,1150000000
whateve,1150000000
whatev,1150000000
whate,1150000000
what,1150000000
wha,1150000000
whether,1890000000
whethe,1890000000
wheth,1890000000
whet,1890000000
wheeled,75200000
wheele,75200000
wheel,75200000
whee,75200000
whe,1965200000
wh,3561200000
weighted,543000000
weighte,543000000
weight,543000000
weigh,543000000
weig,543000000
wei,543000000
weddings,1030000000
wedding,1030000000
weddin,1030000000
weddi,1030000000
wedd,1030000000
wed,1030000000
wearings,3590000
wearing,3590000
wearin,3590000
weari,3590000
wear,3590000
wea,3590000
wetting,91300000
wettin,91300000
wetti,91300000
wetters,4920000
wetter,4920000
wettest,22800000
wettes,22800000
wette,27720000
wett,119020000
wet,119020000
westest,595000
westes,595000
weste,595000
west,595000
wes,595000
we,1696205000
wronging,425000
wrongin,425000
wrongi,425000
wronged,23700000
wronge,23700000
wrong,24125000
wron,24125000
wro,24125000
writings,3870000000
writing,3870000000
writin,3870000000
writi,3870000000
writ,3870000000
wri,3870000000
wrapped,553000000
wrappe,553000000
wrapp,553000000
wrap,553000000
wra,553000000
wr,4447125000
w,45143837000
familiars,1170000000
familiar,1170000000
familia,1170000000
families,5870000000
familie,5870000000
famili,7040000000
famil,7040000000
fami,7040000000
fam,7040000000
fathering,4880000
fatherin,4880000
fatheri,4880000
fathered,13500000
fathere,13500000
fathers,4010000000
father,4028380000
fathe,4028380000
fath,4028380000
fat,4028380000
failings,49400000
failing,49400000
failin,49400000
faili,49400000
failers,72900
failer,72900
faile,72900
fail,49472900
fai,49472900
farthest,91300000
farthes,91300000
farther,242000000
farthe,333300000
farth,333300000
fart,333300000
far,333300000
facings,1300000000
facing,1300000000
facin,1300000000
faci,1300000000
fac,1300000000
falling,978000000
fallin,978000000
falli,978000000
fallers,56300000
faller,56300000
falle,56300000
fall,1034300000
fal,1034300000
fastest,754000000
fastes,754000000
faste,754000000
fast,754000000
fas,754000000
fa,14539452900
fightings,2740000
fighting,2740000
fightin,2740000
fighti,2740000
fighters,825000000
fighter,825000000
fighte,825000000
fight,827740000
figh,827740000
figurings,133000000
figuring,133000000
figurin,133000000
figuri,133000000
figured,227000000
figures,6190000000
figure,6417000000
figur,6550000000
figu,6550000000
fig,7377740000
fingering,206000000
fingerin,206000000
fingeri,206000000
fingered,193000000
fingere,193000000
fingers,1510000000
finger,1909000000
finge,1909000000
fing,1909000000
findings,2460000000
finding,2460000000
findin,2460000000
findi,2460000000
finders,884000000
finder,884000000
finde,884000000
find,3344000000
finishes,1530000000
finished,2070000000
finishe,3600000000
finish,3600000000
finis,3600000000
fini,3600000000
finally,2500000000
finall,2500000000
final,2500000000
fina,2500000000
fin,11353000000
fillings,1250000000
filling,1250000000
fillin,1250000000
filli,1250000000
fill,1250000000
fil,1250000000
fittings,519000000
fitting,519000000
fittin,519000000
fitti,519000000
fittest,30100000
fittes,30100000
fitters,79700000
fitter,79700000
fitte,109800000
fitt,628800000
fit,628800000
firings,5870000
firing,5870000
firin,5870000
firi,5870000
fir,5870000
fishing,2400000000
fishin,2400000000
fishi,2400000000
fish,2400000000
fis,2400000000
fixings,26000000
fixing,26000000
fixin,26000000
fixi,26000000
fix,26000000
fi,23041410000
flashings,5840000
flashing,5840000
flashin,5840000
flashi,5840000
flashed,518000000
flashes,1520000000
flashe,2038000000
flash,2043840000
flas,2043840000
flattest,4900000
flattes,4900000
flatter,157000000
flatted,1430000
flatte,163330000
flatting,4380000
flattin,4380000
flatti,4380000
flatt,167710000
flat,167710000
fla,2211550000
flighting,1130000
flightin,1130000
flighti,1130000
flighted,1320000
flighte,1320000
flights,1540000000
flight,1542450000
fligh,1542450000
flig,1542450000
fli,1542450000
flowering,425000000
flowerin,425000000
floweri,425000000
flowered,32400000
flowere,32400000
flowers,2030000000
flower,2487400000
flowe,2487400000
flow,2487400000
flo,2487400000
fl,6241400000
foreheads,11900000
forehead,11900000
forehea,11900000
forehe,11900000
foreh,11900000
foresting,339000
forestin,339000
foresti,339000
forested,74200000
foreste,74200000
forests,3070000000
forest,3144539000
fores,3144539000
forever,1340000000
foreve,1340000000
forev,1340000000
fore,4496439000
forgotten,401000000
forgotte,401000000
forgott,401000000
forgot,401000000
forgo,401000000
forgets,1110000000
forget,1110000000
forge,1110000000
forg,1511000000
forwarded,238000000
forwarde,238000000
forwards,5200000000
forward,5438000000
forwar,5438000000
forwa,5438000000
forw,5438000000
forcing,506000000
forcin,506000000
forci,506000000
forc,506000000
forming,5940000000
formin,5940000000
formi,5940000000
form,5940000000
for,17891439000
followed,3090000000
followe,3090000000
follows,10530000000
follow,13620000000
follo,13620000000
foll,13620000000
fol,13620000000
footing,145000000
footin,145000000
footi,145000000
foot,145000000
foo,145000000
fo,31656439000
furthest,71900000
furthes,71900000
further,8280000000
furthe,8351900000
furth,8351900000
furt,8351900000
fur,8351900000
fuckings,587000000
fucking,587000000
fuckin,587000000
fucki,587000000
fuck,587000000
fuc,587000000
funniest,184000000
funnies,184000000
funnier,20000000
funnie,204000000
funni,204000000
funn,204000000
fun,204000000
fullest,134000000
fulles,134000000
fulle,134000000
full,134000000
ful,134000000
futures,6160000000
future,6160000000
futur,6160000000
futu,6160000000
fut,6160000000
fu,15436900000
feedings,9830000
feeding,9830000
feedin,9830000
feedi,9830000
feed,9830000
feelings,2240000000
feeling,2240000000
feelin,2240000000
feeli,2240000000
feel,2240000000
fee,2249830000
fearing,96700000
fearin,96700000
feari,96700000
fear,96700000
fea,96700000
fe,2346530000
freeings,104000000
freeing,104000000
freein,104000000
freei,104000000
free,104000000
freshest,215000000
freshes,215000000
fresher,179000000
freshe,394000000
fresh,394000000
fres,394000000
fre,498000000
fronting,17600000
frontin,17600000
fronti,17600000
fronted,28200000
fronte,28200000
front,45800000
fron,45800000
fro,45800000
friends,6670000000
friend,6670000000
frien,6670000000
frie,6670000000
fri,6670000000
fr,7213800000
f,100475931900
orderings,401000
ordering,401000
orderin,401000
orderi,401000
order,401000
orde,401000
ord,401000
or,401000
officered,1950000
officere,1950000
officers,2200000000
officer,2201950000
office,2201950000
offic,2201950000
offi,2201950000
offerings,1320000000
offering,1320000000
offerin,1320000000
offeri,1320000000
offer,1320000000
offe,1320000000
off,3521950000
of,3521950000
outsides,5100000
outside,5100000
outsid,5100000
outsi,5100000
outs,5100000
out,5100000
ou,5100000
openings,4400000000
opening,4400000000
openin,4400000000
openi,4400000000
open,4400000000
ope,4400000000
op,4400000000
o,7927451000
neighbors,954000000
neighbor,954000000
neighbo,954000000
neighb,954000000
neigh,954000000
neig,954000000
nei,954000000
neckings,24300
necking,24300
neckin,24300
necki,24300
neck,24300
nec,24300
ne,954024300
narrowing,185000000
narrowin,185000000
narrowi,185000000
narrowest,147000000
narrowes,147000000
narrowed,217000000
narrower,172000000
narrowe,536000000
narrow,721000000
narro,721000000
narr,721000000
nar,721000000
na,721000000
numbered,608000000
numbere,608000000
number,608000000
numbe,608000000
numb,608000000
num,608000000
nu,608000000
noticers,44600
noticer,44600
notice,44600
noticing,176000000
noticin,176000000
notici,176000000
notic,176044600
noti,176044600
nothings,3560000000
nothing,3560000000
nothin,3560000000
nothi,3560000000
noth,3560000000
not,3736044600
nobodies,3720000
nobodie,3720000
nobodi,3720000
nobod,3720000
nobo,3720000
nob,3720000
no,3739764600
n,6022788900
mountains,1480000000
mountain,1480000000
mountai,1480000000
mounta,1480000000
mount,1480000000
moun,1480000000
mouthing,10700000
mouthin,10700000
mouthi,10700000
mouth,10700000
mout,10700000
mou,1490700000
mothering,16600000
motherin,16600000
motheri,16600000
mothered,975000
mothere,975000
mother,17575000
mothe,17575000
moth,17575000
mot,17575000
mornings,3480000000
morning,3480000000
mornin,3480000000
morni,3480000000
morn,3480000000
mor,3480000000
mo,4988275000
mirroring,117000000
mirrorin,117000000
mirrori,117000000
mirrored,229000000
mirrore,229000000
mirror,346000000
mirro,346000000
mirr,346000000
mir,346000000
middlings,924000
middling,924000
middlin,924000
middli,924000
middl,924000
midd,924000
mid,924000
mi,346924000
messaging,380000000
messagin,380000000
messagi,380000000
messaged,24900000
messages,5920000000
message,5944900000
messag,6324900000
messa,6324900000
mess,6324900000
mes,6324900000
mentioned,3560000000
mentione,3560000000
mentions,3500000000
mention,7060000000
mentio,7060000000
menti,7060000000
ment,7060000000
men,7060000000
memories,585000000
memorie,585000000
memori,585000000
memor,585000000
memo,585000000
mem,585000000
meetings,2850000000
meeting,2850000000
meetin,2850000000
meeti,2850000000
meet,2850000000
mee,2850000000
meanings,13340000000
meaning,13340000000
meanin,13340000000
meani,13340000000
mean,13340000000
mea,13340000000
me,30159900000
mattering,2620000
matterin,2620000
matteri,2620000
mattered,53700000
mattere,53700000
matter,56320000
matte,56320000
matt,56320000
mat,56320000
marriages,1140000000
marriage,1140000000
marriag,1140000000
marria,1140000000
marrieds,782000
married,782000
marrie,782000
marri,1140782000
marrying,835000000
marryin,835000000
marryi,835000000
marry,835000000
marr,1975782000
markings,839000000
marking,839000000
markin,839000000
marki,839000000
mark,839000000
mar,2814782000
machining,98300000
machinin,98300000
machini,98300000
machined,131000000
machines,3580000000
machine,3711000000
machin,3809300000
machi,3809300000
mach,3809300000
mac,3809300000
managing,7630000000
managin,7630000000
managi,7630000000
manag,7630000000
mana,7630000000
man,7630000000
ma,14310402000
m,49805501000
histories,313000000
historie,313000000
histori,313000000
histor,313000000
histo,313000000
hist,313000000
his,313000000
hi,313000000
hospitals,2280000000
hospital,2280000000
hospita,2280000000
hospit,2280000000
hospi,2280000000
hosp,2280000000
hos,2280000000
holdings,5110000000
holding,5110000000
holdin,5110000000
holdi,5110000000
hold,5110000000
hol,5110000000
housings,27100000
housing,27100000
housin,27100000
housi,27100000
hous,27100000
hou,27100000
ho,7417100000
husbanded,853000
husbande,853000
husbands,1890000000
husband,1890853000
husban,1890853000
husba,1890853000
husb,1890853000
hus,1890853000
hundreds,2060000000
hundred,2060000000
hundre,2060000000
hundr,2060000000
hund,2060000000
hun,2060000000
hurrying,251000000
hurryin,251000000
hurryi,251000000
hurry,251000000
hurr,251000000
hur,251000000
hu,4201853000
hallways,243000000
hallway,243000000
hallwa,243000000
hallw,243000000
hall,243000000
hal,243000000
hangings,41900000
hanging,41900000
hangin,41900000
hangi,41900000
hang,41900000
han,41900000
happened,9410000000
happene,9410000000
happen,9410000000
happe,9410000000
happiest,282000000
happies,282000000
happie,282000000
happi,282000000
happ,9692000000
hap,9692000000
ha,9976900000
headings,1710000000
heading,1710000000
headin,1710000000
headi,1710000000
head,1710000000
hearings,1290000000
hearing,1290000000
hearin,1290000000
heari,1290000000
hear,1290000000
heatings,401000
heating,401000
heatin,401000
heati,401000
heat,401000
heaviest,397000000
heavies,397000000
heavie,397000000
heavi,397000000
heav,397000000
hea,3397401000
helpings,4550000
helping,4550000
helpin,4550000
helpi,4550000
help,4550000
hel,4550000
he,3401951000
h,25310804000
listening,1950000000
listenin,1950000000
listeni,1950000000
listened,2820000000
listene,2820000000
listen,4770000000
liste,4770000000
list,4770000000
lis,4770000000
lightings,19500000
lighting,19500000
lightin,19500000
lighti,19500000
lightest,121000000
lightes,121000000
lighters,555000000
lighter,555000000
lighte,676000000
light,695500000
ligh,695500000
lig,695500000
littlest,25000000
littles,25000000
little,25000000
littl,25000000
litt,25000000
lit,25000000
li,5490500000
languages,6410000000
language,6410000000
languag,6410000000
langua,6410000000
langu,6410000000
lang,6410000000
landings,926000000
landing,926000000
landin,926000000
landi,926000000
land,926000000
lan,7336000000
laughing,383000000
laughin,383000000
laughi,383000000
laugh,383000000
laug,383000000
lau,383000000
la,7719000000
lunching,7500000
lunchin,7500000
lunchi,7500000
lunch,7500000
lunc,7500000
lun,7500000
luckiest,32000000
luckies,32000000
luckie,32000000
lucki,32000000
luck,32000000
luc,32000000
lu,39500000
lowering,632000000
lowerin,632000000
loweri,632000000
lower,632000000
lowe,632000000
low,632000000
longings,5640000
longing,5640000
longin,5640000
longi,5640000
long,5640000
lon,5640000
lockings,258000
locking,258000
lockin,258000
locki,258000
lock,258000
loc,258000
lo,637898000
lettered,21800000
lettere,21800000
letter,21800000
lette,21800000
lettings,27700000
letting,27700000
lettin,27700000
letti,27700000
lett,49500000
let,49500000
learning,3260000000
learnin,3260000000
learni,3260000000
learn,3260000000
lear,3260000000
leadings,872000
leading,872000
leadin,872000
leadi,872000
lead,872000
lea,3260872000
le,3310372000
l,17197270000
knockings,170000
knocking,170000
knockin,170000
knocki,170000
knock,170000
knoc,170000
knowings,363000
knowing,363000
knowin,363000
knowi,363000
know,363000
kno,533000
kn,533000
kitchens,1430000000
kitchen,1430000000
kitche,1430000000
kitch,1430000000
kitc,1430000000
kit,1430000000
kissings,1150000000
kissing,1150000000
kissin,1150000000
kissi,1150000000
kiss,1150000000
kis,1150000000
killings,157000000
killing,157000000
killin,157000000
killi,157000000
kill,157000000
kil,157000000
ki,2737000000
keepings,254000
keeping,254000
keepin,254000
keepi,254000
keep,254000
kee,254000
ke,254000
k,2737787000
visitors,2520000000
visitor,2520000000
visito,2520000000
visiting,2170000000
visitin,2170000000
visiti,2170000000
visited,9720000000
visite,9720000000
visit,14410000000
visi,14410000000
vis,14410000000
villages,1570000000
village,1570000000
villag,1570000000
villa,1570000000
vill,1570000000
vil,1570000000
viewings,14900000
viewing,14900000
viewin,14900000
viewi,14900000
view,14900000
vie,14900000
vi,15994900000
voicing,204000000
voicin,204000000
voici,204000000
voic,204000000
voi,204000000
vo,204000000
v,16198900000
jacketed,9830000
jackete,9830000
jacket,9830000
jacke,9830000
jack,9830000
jac,9830000
ja,9830000
j,9830000
root,1306591758840
